url,name,address,city,state,phone
http://lkremercpa.com/,Results,"32 Bank St, Bennington, VT 05201",Bennington,VT,(732) 822-6890
http://ejjcpa.com/,Results,"309 North St, Bennington, VT 05201",Bennington,VT,(802) 442-2468
http://www.lovecody.com/,Results,"115 Elm St, Bennington, VT 05201",Bennington,VT,(802) 442-5552
http://www.mattisonaccounting.com/,Results,"252 Union St, Bennington, VT 05201",Bennington,VT,(802) 442-9183
https://www.hrblock.com/tax-office-near-me/vermont/bennington/26679/?otppartnerid=9308&campaignid=pw_mcm_9308_9762&utm_medium=local,Results,"222 North St, Bennington, VT 05201",Bennington,VT,(802) 442-3100
https://www.simmonsfinancialpartners.com/tax,Results,"210 South St 1st Floor, Bennington, VT 05201",Bennington,VT,(802) 753-7385
http://www.dbmckenna.com/,Results,"207 Main St, Bennington, VT 05201",Bennington,VT,(802) 447-1538
http://www.simmonsfinancialpartners.com/,Results,"210 South St, Bennington, VT 05201",Bennington,VT,(802) 753-7385
https://rata-tax.com/,Results,"248 North St, Bennington, VT 05201",Bennington,VT,(802) 447-0194
https://www.wcdesq.com/,Results,"160 Benmont Ave ste c3-80a, Bennington, VT 05201",Bennington,VT,(802) 442-9800
https://buttonservices.com/,Results,"1011 N Main St Suite 28, White River Junction, VT 05001",White River Junction,VT,(802) 404-5060
http://www.barrsternberg.com/,Results,"507 Main St, Bennington, VT 05201",Bennington,VT,(802) 442-6341
http://www.plannersearch.org/,Results,"207 Main St, Bennington, VT 05201",Bennington,VT,(802) 447-1530
